index,date,points
0,1996-11-03,0
1,1996-11-05,1
2,1996-11-06,5
3,1996-11-08,10
4,1996-11-10,2
5,1996-11-12,2
6,1996-11-13,6
7,1996-11-15,4
8,1996-11-17,16
9,1996-11-19,3
10,1996-11-20,11
11,1996-11-26,12
12,1996-11-27,2
13,1996-11-29,1
14,1996-12-01,2
15,1996-12-04,8
16,1996-12-08,11
17,1996-12-10,0
18,1996-12-17,5
19,1996-12-18,0
20,1996-12-21,5
21,1996-12-25,0
22,1996-12-29,0
23,1997-01-02,4
24,1997-01-03,21
25,1997-01-05,16
26,1997-01-06,8
27,1997-01-08,9
28,1997-01-10,2
29,1997-01-14,2
30,1997-01-18,21
31,1997-01-20,6
32,1997-01-24,17
33,1997-01-26,7
34,1997-01-28,12
35,1997-01-29,19
36,1997-02-02,13
37,1997-02-04,6
38,1997-02-05,5
39,1997-02-12,2
40,1997-02-13,9
41,1997-02-16,0
42,1997-02-19,10
43,1997-02-21,2
44,1997-02-23,0
45,1997-02-28,0
46,1997-03-02,10
47,1997-03-04,0
48,1997-03-07,8
49,1997-03-09,12
50,1997-03-12,18
51,1997-03-14,16
52,1997-03-16,10
53,1997-03-17,8
54,1997-03-20,0
55,1997-03-21,0
56,1997-03-23,8
57,1997-03-24,6
58,1997-03-26,19
59,1997-03-27,20
60,1997-04-01,9
61,1997-04-02,6
62,1997-04-04,15
63,1997-04-06,13
64,1997-04-08,24
65,1997-04-09,11
66,1997-04-11,7
67,1997-04-13,12
68,1997-04-17,3
69,1997-04-18,5
70,1997-04-20,2
71,1997-10-31,23
72,1997-11-04,4
73,1997-11-07,4
74,1997-11-09,25
75,1997-11-16,11
76,1997-11-18,19
77,1997-11-19,20
78,1997-11-23,24
79,1997-11-25,16
80,1997-11-26,14
81,1997-11-28,19
82,1997-11-30,6
83,1997-12-03,10
84,1997-12-05,17
85,1997-12-07,21
86,1997-12-08,19
87,1997-12-10,20
88,1997-12-12,27
89,1997-12-14,30
90,1997-12-16,19
91,1997-12-17,33
92,1997-12-19,19
93,1997-12-20,13
94,1997-12-22,19
95,1997-12-26,16
96,1997-12-28,17
97,1997-12-30,12
98,1998-01-02,12
99,1998-01-04,20
100,1998-01-06,16
101,1998-01-07,17
102,1998-01-09,15
103,1998-01-11,6
104,1998-01-14,14
105,1998-01-17,21
106,1998-01-19,16
107,1998-01-21,25
108,1998-01-24,18
109,1998-01-28,26
110,1998-01-30,22
111,1998-02-01,20
112,1998-02-04,26
113,1998-02-10,17
114,1998-02-11,11
115,1998-02-13,15
116,1998-02-15,18
117,1998-02-18,8
118,1998-02-19,21
119,1998-02-22,18
120,1998-02-24,12
121,1998-02-25,8
122,1998-02-27,14
123,1998-03-01,14
124,1998-03-02,4
125,1998-03-04,15
126,1998-03-06,7
127,1998-03-08,4
128,1998-03-11,13
129,1998-03-12,6
130,1998-03-15,13
131,1998-03-16,0
132,1998-03-18,10
133,1998-03-20,16
134,1998-03-22,12
135,1998-03-23,23
136,1998-03-25,11
137,1998-03-28,2
138,1998-03-29,15
139,1998-03-31,17
140,1998-04-02,20
141,1998-04-03,7
142,1998-04-05,6
143,1998-04-08,14
144,1998-04-10,12
145,1998-04-11,10
146,1998-04-13,15
147,1998-04-14,19
148,1998-04-17,17
149,1998-04-19,25
150,1999-02-05,25
151,1999-02-07,16
152,1999-02-08,19
153,1999-02-10,21
154,1999-02-11,24
155,1999-02-14,18
156,1999-02-16,16
157,1999-02-17,23
158,1999-02-19,21
159,1999-02-21,23
160,1999-02-22,26
161,1999-02-23,11
162,1999-02-25,7
163,1999-02-26,22
164,1999-02-28,18
165,1999-03-01,10
166,1999-03-03,32
167,1999-03-05,20
168,1999-03-07,24
169,1999-03-09,16
170,1999-03-10,9
171,1999-03-12,18
172,1999-03-14,29
173,1999-03-16,21
174,1999-03-18,14
175,1999-03-19,23
176,1999-03-21,38
177,1999-03-22,21
178,1999-03-24,25
179,1999-03-26,26
180,1999-03-28,29
181,1999-03-29,20
182,1999-04-02,18
183,1999-04-03,17
184,1999-04-05,26
185,1999-04-06,15
186,1999-04-07,18
187,1999-04-09,18
188,1999-04-11,25
189,1999-04-13,20
190,1999-04-17,17
191,1999-04-19,17
192,1999-04-20,27
193,1999-04-21,22
194,1999-04-24,11
195,1999-04-26,9
196,1999-04-29,15
197,1999-05-02,28
198,1999-05-03,17
199,1999-05-05,11
200,1999-12-01,19
201,1999-12-03,23
202,1999-12-05,15
203,1999-12-07,21
204,1999-12-08,27
205,1999-12-11,14
206,1999-12-12,26
207,1999-12-14,18
208,1999-12-16,30
209,1999-12-17,28
210,1999-12-19,26
211,1999-12-20,27
212,1999-12-25,18
213,1999-12-27,25
214,1999-12-29,18
215,2000-01-04,29
216,2000-01-05,26
217,2000-01-07,13
218,2000-01-08,31
219,2000-01-10,30
220,2000-01-12,22
221,2000-01-14,18
222,2000-01-15,22
223,2000-01-17,15
224,2000-01-19,25
225,2000-01-22,28
226,2000-01-24,26
227,2000-01-28,23
228,2000-01-30,17
229,2000-02-01,19
230,2000-02-04,13
231,2000-02-07,29
232,2000-02-09,24
233,2000-02-15,21
234,2000-02-16,26
235,2000-02-18,11
236,2000-02-20,18
237,2000-02-22,21
238,2000-02-23,21
239,2000-02-25,17
240,2000-02-27,31
241,2000-02-29,22
242,2000-03-01,27
243,2000-03-03,22
244,2000-03-05,15
245,2000-03-06,22
246,2000-03-09,30
247,2000-03-12,40
248,2000-03-13,22
249,2000-03-16,7
250,2000-03-17,25
251,2000-03-19,24
252,2000-03-20,23
253,2000-03-22,18
254,2000-03-24,28
255,2000-03-26,24
256,2000-03-29,28
257,2000-03-31,10
258,2000-04-02,17
259,2000-04-05,16
260,2000-04-08,26
261,2000-04-10,33
262,2000-04-14,31
263,2000-04-16,25
264,2000-04-18,16
265,2000-04-19,23
266,2000-10-31,14
267,2000-11-01,31
268,2000-11-04,22
269,2000-11-05,21
270,2000-11-07,15
271,2000-11-08,32
272,2000-11-12,37
273,2000-11-14,31
274,2000-11-16,31
275,2000-11-18,32
276,2000-11-19,22
277,2000-11-22,31
278,2000-11-24,29
279,2000-11-27,29
280,2000-11-28,37
281,2000-11-30,17
282,2000-12-01,43
283,2000-12-03,38
284,2000-12-05,36
285,2000-12-06,51
286,2000-12-08,19
287,2000-12-10,26
288,2000-12-12,25
289,2000-12-13,35
290,2000-12-15,17
291,2000-12-17,40
292,2000-12-19,23
293,2000-12-21,45
294,2000-12-22,35
295,2000-12-25,29
296,2000-12-28,38
297,2000-12-30,17
298,2001-01-03,31
299,2001-01-07,27
300,2001-01-12,32
301,2001-01-13,27
302,2001-01-15,26
303,2001-01-19,29
304,2001-01-21,34
305,2001-01-23,21
306,2001-01-26,26
307,2001-01-28,33
308,2001-01-30,47
309,2001-01-31,24
310,2001-02-02,44
311,2001-02-04,26
312,2001-02-07,32
313,2001-02-13,38
314,2001-02-14,18
315,2001-02-16,25
316,2001-02-18,33
317,2001-02-20,19
318,2001-02-28,38
319,2001-03-03,20
320,2001-03-04,22
321,2001-03-06,29
322,2001-03-07,29
323,2001-03-09,38
324,2001-03-15,39
325,2001-03-16,26
326,2001-03-18,16
327,2001-03-19,27
328,2001-03-21,13
329,2001-04-01,0
330,2001-04-10,20
331,2001-04-12,30
332,2001-04-15,25
333,2001-04-17,26
334,2001-10-30,29
335,2001-11-01,39
336,2001-11-02,24
337,2001-11-04,38
338,2001-11-09,13
339,2001-11-11,28
340,2001-11-15,31
341,2001-11-16,18
342,2001-11-18,29
343,2001-11-20,25
344,2001-11-21,24
345,2001-11-23,28
346,2001-11-25,25
347,2001-11-27,33
348,2001-11-30,30
349,2001-12-01,18
350,2001-12-05,19
351,2001-12-07,23
352,2001-12-11,16
353,2001-12-14,25
354,2001-12-16,28
355,2001-12-20,27
356,2001-12-21,36
357,2001-12-25,12
358,2001-12-26,39
359,2001-12-28,26
360,2001-12-30,16
361,2002-01-02,28
362,2002-01-04,18
363,2002-01-06,31
364,2002-01-08,20
365,2002-01-09,31
366,2002-01-11,23
367,2002-01-12,26
368,2002-01-14,56
369,2002-01-16,29
370,2002-01-19,28
371,2002-01-22,15
372,2002-01-23,27
373,2002-01-25,27
374,2002-01-27,20
375,2002-01-29,32
376,2002-01-30,23
377,2002-02-01,13
378,2002-02-03,24
379,2002-02-06,38
380,2002-02-12,23
381,2002-02-14,23
382,2002-02-15,21
383,2002-02-17,28
384,2002-02-19,27
385,2002-02-21,32
386,2002-02-22,21
387,2002-02-24,27
388,2002-02-26,27
389,2002-02-27,20
390,2002-03-01,25
391,2002-03-06,26
392,2002-03-10,18
393,2002-03-12,23
394,2002-03-14,21
395,2002-03-15,33
396,2002-03-17,14
397,2002-03-19,12
398,2002-03-20,20
399,2002-03-22,18
400,2002-03-24,29
401,2002-03-26,17
402,2002-03-27,36
403,2002-03-29,34
404,2002-03-31,31
405,2002-04-02,14
406,2002-04-03,33
407,2002-04-05,26
408,2002-04-07,19
409,2002-04-09,22
410,2002-04-11,28
411,2002-04-14,23
412,2002-04-15,19
413,2002-04-17,21
414,2002-10-29,27
415,2002-10-30,25
416,2002-11-01,33
417,2002-11-03,33
418,2002-11-05,15
419,2002-11-07,41
420,2002-11-08,27
421,2002-11-12,21
422,2002-11-15,45
423,2002-11-17,46
424,2002-11-19,16
425,2002-11-20,24
426,2002-11-22,21
427,2002-11-24,15
428,2002-11-26,21
429,2002-11-27,38
430,2002-11-29,45
431,2002-12-01,22
432,2002-12-03,24
433,2002-12-04,17
434,2002-12-06,27
435,2002-12-08,25
436,2002-12-10,19
437,2002-12-13,16
438,2002-12-15,21
439,2002-12-17,15
440,2002-12-19,21
441,2002-12-20,44
442,2002-12-22,31
443,2002-12-25,27
444,2002-12-28,39
445,2002-12-29,13
446,2003-01-04,37
447,2003-01-05,31
448,2003-01-07,45
449,2003-01-10,21
450,2003-01-12,36
451,2003-01-15,36
452,2003-01-17,22
453,2003-01-20,26
454,2003-01-22,23
455,2003-01-24,11
456,2003-01-29,40
457,2003-01-31,38
458,2003-02-01,42
459,2003-02-04,35
460,2003-02-06,46
461,2003-02-11,42
462,2003-02-12,51
463,2003-02-14,44
464,2003-02-16,40
465,2003-02-18,52
466,2003-02-19,40
467,2003-02-21,40
468,2003-02-23,41
469,2003-02-25,32
470,2003-02-27,30
471,2003-02-28,34
472,2003-03-05,20
473,2003-03-07,30
474,2003-03-09,28
475,2003-03-11,36
476,2003-03-12,21
477,2003-03-14,30
478,2003-03-15,20
479,2003-03-17,26
480,2003-03-20,34
481,2003-03-21,13
482,2003-03-23,31
483,2003-03-25,28
484,2003-03-26,31
485,2003-03-28,55
486,2003-03-30,14
487,2003-03-31,29
488,2003-04-03,19
489,2003-04-04,21
490,2003-04-06,26
491,2003-04-08,14
492,2003-04-10,34
493,2003-04-13,36
494,2003-04-15,32
495,2003-04-16,44
496,2003-11-01,15
497,2003-11-02,21
498,2003-11-04,31
499,2003-11-06,37
500,2003-11-07,11
501,2003-11-10,19
502,2003-11-12,19
503,2003-11-14,16
504,2003-11-16,27
505,2003-11-18,19
506,2003-11-19,21
507,2003-11-21,28
508,2003-11-23,28
509,2003-11-26,22
510,2003-11-28,17
511,2003-11-30,12
512,2003-12-03,21
513,2003-12-04,32
514,2003-12-07,19
515,2003-12-09,21
516,2003-12-12,15
517,2003-12-13,35
518,2003-12-19,13
519,2003-12-21,10
520,2003-12-23,23
521,2003-12-25,23
522,2003-12-28,11
523,2004-01-02,32
524,2004-01-04,44
525,2004-01-06,20
526,2004-01-07,27
527,2004-01-09,26
528,2004-01-12,10
529,2004-01-24,21
530,2004-01-28,14
531,2004-02-11,14
532,2004-02-17,31
533,2004-02-18,35
534,2004-02-20,28
535,2004-02-22,40
536,2004-02-25,35
537,2004-02-26,35
538,2004-02-28,25
539,2004-02-29,11
540,2004-03-03,18
541,2004-03-05,0
542,2004-03-10,18
543,2004-03-12,16
544,2004-03-13,35
545,2004-03-15,38
546,2004-03-17,27
547,2004-03-19,27
548,2004-03-21,22
549,2004-03-24,36
550,2004-03-26,35
551,2004-03-28,34
552,2004-03-30,23
553,2004-04-01,26
554,2004-04-02,25
555,2004-04-04,28
556,2004-04-06,12
557,2004-04-09,33
558,2004-04-11,8
559,2004-04-13,45
560,2004-04-14,37
561,2004-11-02,25
562,2004-11-03,38
563,2004-11-05,28
564,2004-11-07,24
565,2004-11-09,31
566,2004-11-10,20
567,2004-11-12,41
568,2004-11-13,19
569,2004-11-17,23
570,2004-11-19,29
571,2004-11-21,29
572,2004-11-23,30
573,2004-11-26,40
574,2004-11-28,20
575,2004-11-30,20
576,2004-12-01,28
577,2004-12-03,10
578,2004-12-08,20
579,2004-12-11,37
580,2004-12-12,23
581,2004-12-14,35
582,2004-12-16,31
583,2004-12-17,36
584,2004-12-20,11
585,2004-12-22,29
586,2004-12-25,42
587,2004-12-28,48
588,2005-01-02,42
589,2005-01-04,17
590,2005-01-05,32
591,2005-01-07,27
592,2005-01-10,31
593,2005-01-12,16
594,2005-01-13,2
595,2005-02-13,26
596,2005-02-15,40
597,2005-02-22,21
598,2005-02-23,31
599,2005-02-25,20
600,2005-02-27,31
601,2005-02-28,30
602,2005-03-02,26
603,2005-03-04,40
604,2005-03-06,37
605,2005-03-08,41
606,2005-03-10,36
607,2005-03-12,32
608,2005-03-14,18
609,2005-03-15,20
610,2005-03-17,26
611,2005-03-18,12
612,2005-03-20,30
613,2005-03-22,43
614,2005-03-24,18
615,2005-03-27,34
616,2005-03-29,32
617,2005-03-31,26
618,2005-04-02,15
619,2005-04-03,9
620,2005-04-07,19
621,2005-04-08,42
622,2005-04-10,18
623,2005-04-11,20
624,2005-04-17,33
625,2005-04-18,22
626,2005-04-20,37
627,2005-11-02,33
628,2005-11-03,39
629,2005-11-06,37
630,2005-11-08,37
631,2005-11-09,28
632,2005-11-11,17
633,2005-11-14,18
634,2005-11-16,42
635,2005-11-18,36
636,2005-11-20,43
637,2005-11-24,34
638,2005-11-27,46
639,2005-11-29,25
640,2005-12-01,30
641,2005-12-02,20
642,2005-12-04,29
643,2005-12-06,33
644,2005-12-07,11
645,2005-12-09,23
646,2005-12-10,35
647,2005-12-12,43
648,2005-12-14,27
649,2005-12-16,41
650,2005-12-18,24
651,2005-12-20,62
652,2005-12-23,21
653,2005-12-25,37
654,2005-12-26,31
655,2005-12-28,45
656,2006-01-06,48
657,2006-01-07,50
658,2006-01-09,45
659,2006-01-11,41
660,2006-01-12,27
661,2006-01-14,38
662,2006-01-16,37
663,2006-01-19,51
664,2006-01-20,37
665,2006-01-22,81
666,2006-01-27,30
667,2006-01-29,39
668,2006-01-31,40
669,2006-02-01,26
670,2006-02-03,35
671,2006-02-04,35
672,2006-02-07,24
673,2006-02-08,32
674,2006-02-11,26
675,2006-02-13,23
676,2006-02-15,39
677,2006-02-21,27
678,2006-02-23,36
679,2006-02-24,39
680,2006-02-26,40
681,2006-02-28,28
682,2006-03-01,35
683,2006-03-03,42
684,2006-03-04,40
685,2006-03-06,43
686,2006-03-08,40
687,2006-03-10,29
688,2006-03-12,22
689,2006-03-14,30
690,2006-03-15,25
691,2006-03-17,24
692,2006-03-19,38
693,2006-03-20,43
694,2006-03-22,28
695,2006-03-24,43
696,2006-03-26,30
697,2006-03-30,23
698,2006-03-31,43
699,2006-04-02,43
700,2006-04-06,42
701,2006-04-07,51
702,2006-04-09,38
703,2006-04-11,31
704,2006-04-14,50
705,2006-04-16,43
706,2006-04-19,35
707,2006-11-03,23
708,2006-11-05,15
709,2006-11-07,17
710,2006-11-08,32
711,2006-11-10,19
712,2006-11-12,21
713,2006-11-17,31
714,2006-11-19,18
715,2006-11-21,40
716,2006-11-24,27
717,2006-11-26,19
718,2006-11-28,27
719,2006-11-30,52
720,2006-12-02,29
721,2006-12-04,21
722,2006-12-06,24
723,2006-12-10,34
724,2006-12-12,23
725,2006-12-13,33
726,2006-12-15,53
727,2006-12-17,45
728,2006-12-19,19
729,2006-12-20,24
730,2006-12-22,21
731,2006-12-25,16
732,2006-12-27,27
733,2006-12-29,58
734,2006-12-31,35
735,2007-01-04,42
736,2007-01-05,8
737,2007-01-07,26
738,2007-01-09,25
739,2007-01-10,20
740,2007-01-12,28
741,2007-01-15,25
742,2007-01-17,34
743,2007-01-18,26
744,2007-01-20,23
745,2007-01-22,42
746,2007-01-26,32
747,2007-01-28,31
748,2007-01-31,43
749,2007-02-02,22
750,2007-02-03,39
751,2007-02-05,27
752,2007-02-08,18
753,2007-02-09,25
754,2007-02-11,36
755,2007-02-13,31
756,2007-02-15,34
757,2007-02-21,25
758,2007-02-23,38
759,2007-02-25,26
760,2007-02-26,35
761,2007-03-02,30
762,2007-03-04,31
763,2007-03-06,40
764,2007-03-09,30
765,2007-03-11,25
766,2007-03-15,25
767,2007-03-16,65
768,2007-03-18,50
769,2007-03-22,60
770,2007-03-23,50
771,2007-03-25,43
772,2007-03-27,23
773,2007-03-30,53
774,2007-04-01,19
775,2007-04-03,39
776,2007-04-04,29
777,2007-04-06,46
778,2007-04-08,34
779,2007-04-09,23
780,2007-04-12,50
781,2007-04-13,17
782,2007-04-15,50
783,2007-04-18,34
784,2007-10-30,45
785,2007-11-02,16
786,2007-11-04,33
787,2007-11-06,28
788,2007-11-09,30
789,2007-11-13,18
790,2007-11-14,30
791,2007-11-16,19
792,2007-11-18,18
793,2007-11-20,32
794,2007-11-21,27
795,2007-11-23,28
796,2007-11-25,31
797,2007-11-27,35
798,2007-11-29,24
799,2007-11-30,28
800,2007-12-02,28
801,2007-12-04,20
802,2007-12-05,25
803,2007-12-09,28
804,2007-12-13,30
805,2007-12-14,21
806,2007-12-16,32
807,2007-12-18,18
808,2007-12-20,21
809,2007-12-21,19
810,2007-12-23,39
811,2007-12-25,38
812,2007-12-28,31
813,2007-12-30,22
814,2008-01-04,15
815,2008-01-06,26
816,2008-01-08,25
817,2008-01-09,19
818,2008-01-11,37
819,2008-01-13,37
820,2008-01-14,48
821,2008-01-17,30
822,2008-01-21,17
823,2008-01-23,29
824,2008-01-25,40
825,2008-01-27,33
826,2008-01-29,24
827,2008-01-31,39
828,2008-02-01,46
829,2008-02-03,30
830,2008-02-05,6
831,2008-02-06,11
832,2008-02-08,36
833,2008-02-10,33
834,2008-02-11,31
835,2008-02-13,29
836,2008-02-19,23
837,2008-02-20,41
838,2008-02-23,17
839,2008-02-24,21
840,2008-02-26,30
841,2008-02-28,21
842,2008-02-29,33
843,2008-03-02,52
844,2008-03-04,34
845,2008-03-07,16
846,2008-03-09,26
847,2008-03-11,34
848,2008-03-14,36
849,2008-03-16,24
850,2008-03-18,29
851,2008-03-20,27
852,2008-03-21,23
853,2008-03-23,36
854,2008-03-24,30
855,2008-03-26,27
856,2008-03-28,53
857,2008-03-30,26
858,2008-04-02,36
859,2008-04-04,25
860,2008-04-06,29
861,2008-04-08,34
862,2008-04-10,16
863,2008-04-11,29
864,2008-04-13,20
865,2008-04-15,20
866,2008-10-28,23
867,2008-10-29,16
868,2008-11-01,33
869,2008-11-05,27
870,2008-11-09,23
871,2008-11-11,27
872,2008-11-12,20
873,2008-11-14,29
874,2008-11-18,21
875,2008-11-20,24
876,2008-11-21,29
877,2008-11-23,24
878,2008-11-25,12
879,2008-11-28,35
880,2008-11-30,23
881,2008-12-02,28
882,2008-12-03,32
883,2008-12-05,23
884,2008-12-07,20
885,2008-12-09,28
886,2008-12-10,18
887,2008-12-12,32
888,2008-12-14,26
889,2008-12-16,28
890,2008-12-19,28
891,2008-12-20,41
892,2008-12-22,36
893,2008-12-23,26
894,2008-12-25,27
895,2008-12-28,31
896,2009-01-02,40
897,2009-01-04,26
898,2009-01-06,39
899,2009-01-07,21
900,2009-01-09,36
901,2009-01-11,19
902,2009-01-13,33
903,2009-01-14,29
904,2009-01-16,28
905,2009-01-19,20
906,2009-01-21,18
907,2009-01-22,11
908,2009-01-25,22
909,2009-01-27,38
910,2009-01-30,30
911,2009-01-31,25
912,2009-02-02,61
913,2009-02-04,36
914,2009-02-05,26
915,2009-02-08,19
916,2009-02-10,34
917,2009-02-11,37
918,2009-02-17,10
919,2009-02-18,30
920,2009-02-20,39
921,2009-02-22,28
922,2009-02-24,36
923,2009-02-26,22
924,2009-02-27,29
925,2009-03-01,49
926,2009-03-03,31
927,2009-03-06,23
928,2009-03-09,26
929,2009-03-11,37
930,2009-03-12,23
931,2009-03-15,28
932,2009-03-17,11
933,2009-03-19,21
934,2009-03-21,28
935,2009-03-24,19
936,2009-03-26,30
937,2009-03-27,14
938,2009-03-29,17
939,2009-03-31,25
940,2009-04-01,30
941,2009-04-03,20
942,2009-04-05,18
943,2009-04-07,22
944,2009-04-09,33
945,2009-04-10,32
946,2009-04-12,16
947,2009-04-14,16
948,2009-10-27,33
949,2009-10-30,20
950,2009-11-01,41
951,2009-11-03,31
952,2009-11-04,41
953,2009-11-06,41
954,2009-11-08,28
955,2009-11-12,29
956,2009-11-13,19
957,2009-11-15,18
958,2009-11-17,40
959,2009-11-19,21
960,2009-11-22,26
961,2009-11-24,34
962,2009-11-28,20
963,2009-11-29,30
964,2009-12-01,18
965,2009-12-04,33
966,2009-12-06,26
967,2009-12-09,27
968,2009-12-11,20
969,2009-12-12,16
970,2009-12-15,42
971,2009-12-16,39
972,2009-12-19,29
973,2009-12-20,28
974,2009-12-22,40
975,2009-12-25,35
976,2009-12-26,38
977,2009-12-28,34
978,2009-12-29,44
979,2010-01-01,39
980,2010-01-03,15
981,2010-01-05,22
982,2010-01-06,33
983,2010-01-08,32
984,2010-01-10,12
985,2010-01-12,16
986,2010-01-13,10
987,2010-01-15,30
988,2010-01-18,11
989,2010-01-21,31
990,2010-01-22,27
991,2010-01-24,27
992,2010-01-26,26
993,2010-01-27,29
994,2010-01-29,24
995,2010-01-31,19
996,2010-02-01,44
997,2010-02-03,5
998,2010-02-05,33
999,2010-02-23,32
1000,2010-02-24,20
1001,2010-02-26,19
1002,2010-02-28,14
1003,2010-03-02,24
1004,2010-03-04,39
1005,2010-03-05,26
1006,2010-03-07,34
1007,2010-03-09,32
1008,2010-03-12,21
1009,2010-03-15,29
1010,2010-03-16,30
1011,2010-03-19,22
1012,2010-03-21,24
1013,2010-03-24,24
1014,2010-03-26,11
1015,2010-03-27,17
1016,2010-03-29,31
1017,2010-03-31,28
1018,2010-04-02,25
1019,2010-04-04,22
1020,2010-04-11,20
1021,2010-10-26,27
1022,2010-10-29,25
1023,2010-10-31,20
1024,2010-11-02,23
1025,2010-11-03,30
1026,2010-11-05,23
1027,2010-11-07,12
1028,2010-11-09,33
1029,2010-11-11,34
1030,2010-11-14,25
1031,2010-11-16,31
1032,2010-11-17,33
1033,2010-11-19,23
1034,2010-11-21,20
1035,2010-11-23,20
1036,2010-11-26,31
1037,2010-11-28,41
1038,2010-11-30,29
1039,2010-12-01,27
1040,2010-12-03,22
1041,2010-12-07,32
1042,2010-12-08,24
1043,2010-12-10,23
1044,2010-12-12,32
1045,2010-12-14,24
1046,2010-12-15,31
1047,2010-12-17,9
1048,2010-12-19,20
1049,2010-12-21,21
1050,2010-12-25,17
1051,2010-12-28,21
1052,2010-12-29,20
1053,2010-12-31,33
1054,2011-01-02,28
1055,2011-01-04,17
1056,2011-01-05,24
1057,2011-01-07,25
1058,2011-01-09,27
1059,2011-01-11,13
1060,2011-01-12,39
1061,2011-01-14,27
1062,2011-01-16,27
1063,2011-01-17,21
1064,2011-01-19,21
1065,2011-01-21,18
1066,2011-01-25,21
1067,2011-01-28,38
1068,2011-01-30,41
1069,2011-02-01,32
1070,2011-02-03,16
1071,2011-02-05,32
1072,2011-02-07,19
1073,2011-02-10,23
1074,2011-02-11,33
1075,2011-02-13,17
1076,2011-02-14,20
1077,2011-02-16,17
1078,2011-02-22,20
1079,2011-02-23,37
1080,2011-02-25,24
1081,2011-02-27,17
1082,2011-03-01,24
1083,2011-03-04,27
1084,2011-03-06,26
1085,2011-03-08,26
1086,2011-03-10,24
1087,2011-03-12,16
1088,2011-03-14,16
1089,2011-03-18,18
1090,2011-03-20,22
1091,2011-03-22,42
1092,2011-03-25,37
1093,2011-03-27,30
1094,2011-03-31,28
1095,2011-04-01,21
1096,2011-04-03,28
1097,2011-04-05,20
1098,2011-04-06,25
1099,2011-04-08,24
1100,2011-04-10,31
1101,2011-04-12,27
1102,2011-04-13,36
1103,2011-12-25,28
1104,2011-12-26,29
1105,2011-12-27,26
1106,2011-12-29,28
1107,2011-12-31,17
1108,2012-01-01,16
1109,2012-01-03,37
1110,2012-01-05,30
1111,2012-01-06,39
1112,2012-01-08,26
1113,2012-01-10,48
1114,2012-01-11,40
1115,2012-01-13,42
1116,2012-01-14,42
1117,2012-01-16,14
1118,2012-01-19,24
1119,2012-01-20,30
1120,2012-01-22,33
1121,2012-01-25,24
1122,2012-01-28,27
1123,2012-01-29,35
1124,2012-01-31,24
1125,2012-02-03,20
1126,2012-02-04,26
1127,2012-02-06,28
1128,2012-02-09,27
1129,2012-02-10,34
1130,2012-02-12,27
1131,2012-02-14,10
1132,2012-02-17,36
1133,2012-02-19,32
1134,2012-02-20,28
1135,2012-02-22,15
1136,2012-02-23,24
1137,2012-02-29,31
1138,2012-03-02,38
1139,2012-03-04,33
1140,2012-03-06,22
1141,2012-03-07,30
1142,2012-03-09,34
1143,2012-03-11,26
1144,2012-03-13,34
1145,2012-03-14,33
1146,2012-03-16,28
1147,2012-03-18,15
1148,2012-03-20,29
1149,2012-03-21,30
1150,2012-03-23,18
1151,2012-03-25,18
1152,2012-03-27,30
1153,2012-03-29,23
1154,2012-03-31,11
1155,2012-04-01,40
1156,2012-04-03,24
1157,2012-04-04,31
1158,2012-04-06,28
1159,2012-04-20,18
1160,2012-04-22,26
1161,2012-10-30,22
1162,2012-10-31,30
1163,2012-11-02,40
1164,2012-11-04,15
1165,2012-11-07,29
1166,2012-11-09,27
1167,2012-11-11,20
1168,2012-11-13,28
1169,2012-11-16,31
1170,2012-11-18,22
1171,2012-11-20,25
1172,2012-11-21,38
1173,2012-11-23,30
1174,2012-11-24,19
1175,2012-11-27,40
1176,2012-11-30,14
1177,2012-12-02,34
1178,2012-12-04,39
1179,2012-12-05,29
1180,2012-12-07,35
1181,2012-12-09,34
1182,2012-12-11,42
1183,2012-12-13,31
1184,2012-12-14,30
1185,2012-12-16,34
1186,2012-12-18,30
1187,2012-12-22,34
1188,2012-12-25,34
1189,2012-12-26,40
1190,2012-12-28,27
1191,2013-01-01,36
1192,2013-01-04,38
1193,2013-01-06,29
1194,2013-01-08,20
1195,2013-01-09,27
1196,2013-01-11,28
1197,2013-01-13,23
1198,2013-01-15,31
1199,2013-01-17,22
1200,2013-01-20,26
1201,2013-01-21,16
1202,2013-01-23,29
1203,2013-01-25,14
1204,2013-01-27,21
1205,2013-01-29,14
1206,2013-01-30,17
1207,2013-02-01,17
1208,2013-02-03,18
1209,2013-02-05,21
1210,2013-02-07,27
1211,2013-02-08,20
1212,2013-02-10,28
1213,2013-02-12,4
1214,2013-02-14,20
1215,2013-02-20,16
1216,2013-02-22,40
1217,2013-02-24,38
1218,2013-02-25,29
1219,2013-02-28,33
1220,2013-03-03,34
1221,2013-03-05,30
1222,2013-03-06,42
1223,2013-03-08,41
1224,2013-03-10,19
1225,2013-03-12,11
1226,2013-03-13,31
1227,2013-03-15,0
1228,2013-03-22,21
1229,2013-03-25,36
1230,2013-03-27,31
1231,2013-03-28,30
1232,2013-03-30,19
1233,2013-04-02,23
1234,2013-04-05,24
1235,2013-04-07,25
1236,2013-04-09,30
1237,2013-04-10,47
1238,2013-04-12,34
1239,2013-12-08,9
1240,2013-12-10,20
1241,2013-12-13,4
1242,2013-12-14,21
1243,2013-12-16,8
1244,2013-12-17,21
1245,2014-10-28,19
1246,2014-10-29,31
1247,2014-10-31,21
1248,2014-11-01,28
1249,2014-11-04,39
1250,2014-11-09,21
1251,2014-11-11,28
1252,2014-11-12,33
1253,2014-11-14,9
1254,2014-11-16,44
1255,2014-11-18,28
1256,2014-11-19,29
1257,2014-11-21,17
1258,2014-11-23,27
1259,2014-11-26,22
1260,2014-11-28,26
1261,2014-11-30,31
1262,2014-12-02,12
1263,2014-12-03,29
1264,2014-12-05,22
1265,2014-12-07,14
1266,2014-12-09,32
1267,2014-12-12,22
1268,2014-12-14,26
1269,2014-12-15,21
1270,2014-12-19,9
1271,2014-12-21,25
1272,2014-12-28,10
1273,2014-12-30,23
1274,2015-01-02,15
1275,2015-01-04,20
1276,2015-01-07,4
1277,2015-01-13,12
1278,2015-01-15,19
1279,2015-01-21,14
1280,2015-10-28,24
1281,2015-10-30,13
1282,2015-11-01,15
1283,2015-11-03,11
1284,2015-11-06,18
1285,2015-11-08,18
1286,2015-11-13,19
1287,2015-11-15,17
1288,2015-11-20,10
1289,2015-11-22,18
1290,2015-11-24,4
1291,2015-11-28,21
1292,2015-11-29,13
1293,2015-12-01,20
1294,2015-12-02,31
1295,2015-12-04,14
1296,2015-12-06,5
1297,2015-12-07,21
1298,2015-12-09,11
1299,2015-12-11,12
1300,2015-12-12,25
1301,2015-12-15,22
1302,2015-12-17,22
1303,2015-12-22,31
1304,2015-12-23,19
1305,2015-12-25,12
1306,2015-12-27,19
1307,2015-12-28,20
1308,2015-12-30,15
1309,2016-01-07,28
1310,2016-01-08,19
1311,2016-01-12,7
1312,2016-01-14,8
1313,2016-01-16,5
1314,2016-01-17,5
1315,2016-01-20,15
1316,2016-01-22,5
1317,2016-01-23,10
1318,2016-01-28,10
1319,2016-01-31,23
1320,2016-02-02,38
1321,2016-02-04,27
1322,2016-02-06,25
1323,2016-02-08,19
1324,2016-02-10,17
1325,2016-02-19,25
1326,2016-02-21,22
1327,2016-02-22,15
1328,2016-02-24,13
1329,2016-03-02,5
1330,2016-03-06,12
1331,2016-03-10,26
1332,2016-03-13,14
1333,2016-03-22,20
1334,2016-03-23,17
1335,2016-03-25,28
1336,2016-03-27,17
1337,2016-03-28,5
1338,2016-03-30,2
1339,2016-04-03,34
1340,2016-04-05,6
1341,2016-04-06,17
1342,2016-04-08,14
1343,2016-04-10,35
1344,2016-04-11,13
1345,2016-04-13,60
