index,date,points,fgp,result
0,2003-10-29,25,.600,L (-14)
1,2003-10-30,21,.471,L (-9)
2,2003-11-01,8,.250,L (-19)
3,2003-11-05,7,.273,L (-4)
4,2003-11-07,23,.444,L (-1)
5,2003-11-08,17,.421,W (+13)
6,2003-11-10,17,.583,W (+14)
7,2003-11-12,18,.400,L (-5)
8,2003-11-14,10,.250,L (-9)
9,2003-11-15,22,.526,W (+3)
10,2003-11-18,14,.375,W (+8)
11,2003-11-19,28,.556,L (-11)
12,2003-11-21,19,.421,L (-14)
13,2003-11-22,15,.188,L (-9)
14,2003-11-26,15,.294,L (-10)
15,2003-11-28,6,.250,L (-4)
16,2003-11-29,33,.500,L (-7)
17,2003-12-02,19,.316,L (-12)
18,2003-12-03,4,.154,L (-10)
19,2003-12-06,8,.333,W (+10)
20,2003-12-09,18,.438,L (-7)
21,2003-12-11,23,.381,W (+9)
22,2003-12-13,37,.500,L (-7)
23,2003-12-15,27,.625,L (-10)
24,2003-12-17,17,.368,L (-4)
25,2003-12-19,36,.583,W (+7)
26,2003-12-20,32,.500,W (+8)
27,2003-12-23,22,.318,W (+11)
28,2003-12-25,34,.464,L (-12)
29,2003-12-26,18,.292,L (-7)
30,2003-12-28,32,.652,W (+12)
31,2003-12-30,22,.450,L (-3)
32,2004-01-02,14,.316,L (-15)
33,2004-01-06,14,.353,W (+11)
34,2004-01-07,21,.435,L (-6)
35,2004-01-09,19,.368,L (-25)
36,2004-01-12,16,.300,L (-10)
37,2004-01-13,27,.423,W (+8)
38,2004-01-15,29,.381,L (-17)
39,2004-01-17,29,.429,W (+6)
40,2004-01-26,16,.368,W (+1)
41,2004-01-28,27,.400,W (+1)
42,2004-01-30,20,.280,L (-6)
43,2004-02-01,38,.519,W (+4)
44,2004-02-03,12,.263,W (+3)
45,2004-02-04,32,.462,L (-5)
46,2004-02-06,14,.333,L (-11)
47,2004-02-07,14,.375,L (-18)
48,2004-02-09,24,.360,W (+8)
49,2004-02-11,9,.154,L (-20)
50,2004-02-18,16,.500,L (-16)
51,2004-02-20,32,.609,W (+2)
52,2004-02-22,22,.350,W (+6)
53,2004-02-23,21,.438,W (+4)
54,2004-02-25,11,.278,L (-6)
55,2004-02-27,30,.579,W (+5)
56,2004-03-01,18,.412,L (-11)
57,2004-03-03,24,.529,W (+32)
58,2004-03-05,19,.412,W (+3)
59,2004-03-06,24,.458,W (+9)
60,2004-03-08,34,.478,W (+6)
61,2004-03-10,14,.308,W (+14)
62,2004-03-14,26,.545,W (+3)
63,2004-03-16,17,.313,W (+24)
64,2004-03-19,14,.286,L (-9)
65,2004-03-21,15,.294,L (-20)
66,2004-03-23,25,.381,L (-17)
67,2004-03-26,16,.385,L (-15)
68,2004-03-27,41,.517,W (+3)
69,2004-03-29,18,.450,L (-8)
70,2004-03-30,28,.591,L (-17)
71,2004-04-02,20,.474,L (-18)
72,2004-04-03,34,.429,L (-3)
73,2004-04-06,21,.294,L (-1)
74,2004-04-07,14,.364,L (-18)
75,2004-04-09,24,.429,L (-15)
76,2004-04-10,10,.364,W (+11)
77,2004-04-12,27,.450,W (+4)
78,2004-04-14,17,.471,W (+10)
79,2004-11-03,28,.421,L (-5)
80,2004-11-04,21,.409,L (-6)
81,2004-11-06,31,.400,L (-14)
82,2004-11-09,25,.471,W (+14)
83,2004-11-10,38,.542,W (+5)
84,2004-11-13,24,.500,W (+31)
85,2004-11-15,33,.545,W (+11)
86,2004-11-18,19,.571,W (+17)
87,2004-11-20,25,.550,W (+16)
88,2004-11-21,13,.333,L (-10)
89,2004-11-24,43,.682,W (+16)
90,2004-11-26,20,.692,W (+2)
91,2004-11-27,26,.647,W (+22)
92,2004-11-29,22,.474,L (-12)
93,2004-12-01,15,.316,L (-19)
94,2004-12-02,17,.471,W (+19)
95,2004-12-04,27,.588,W (+8)
96,2004-12-07,27,.500,W (+6)
97,2004-12-08,19,.333,L (-28)
98,2004-12-11,23,.526,L (-19)
99,2004-12-13,31,.636,W (+6)
100,2004-12-15,25,.556,W (+24)
101,2004-12-16,11,.190,L (-12)
102,2004-12-18,31,.480,L (-7)
103,2004-12-21,26,.556,W (+10)
104,2004-12-22,23,.389,L (-2)
105,2004-12-26,22,.438,W (+9)
106,2004-12-28,40,.520,W (+9)
107,2004-12-29,3,.000,L (-11)
108,2005-01-03,26,.579,W (+11)
109,2005-01-05,20,.500,W (+16)
110,2005-01-08,22,.714,W (+25)
111,2005-01-11,29,.458,W (+2)
112,2005-01-13,28,.462,L (-4)
113,2005-01-15,27,.450,W (+13)
114,2005-01-16,35,.467,L (-8)
115,2005-01-19,27,.688,W (+6)
116,2005-01-20,18,.474,L (-27)
117,2005-01-22,28,.542,W (+18)
118,2005-01-24,31,.462,L (-9)
119,2005-01-26,27,.625,W (+3)
120,2005-02-01,28,.500,L (-3)
121,2005-02-03,31,.478,L (-12)
122,2005-02-05,30,.429,W (+9)
123,2005-02-08,15,.429,W (+13)
124,2005-02-11,35,.414,L (-5)
125,2005-02-13,25,.400,W (+14)
126,2005-02-16,28,.550,W (+22)
127,2005-02-17,26,.526,L (-6)
128,2005-02-23,27,.471,W (+9)
129,2005-02-25,21,.360,L (-24)
130,2005-02-27,28,.450,L (-6)
131,2005-02-28,20,.273,L (-2)
132,2005-03-02,32,.550,L (-17)
133,2005-03-04,34,.571,L (-9)
134,2005-03-06,23,.474,L (-20)
135,2005-03-08,23,.409,W (+19)
136,2005-03-13,35,.522,W (+12)
137,2005-03-15,36,.733,W (+19)
138,2005-03-16,34,.500,L (-8)
139,2005-03-18,16,.150,L (-12)
140,2005-03-20,56,.500,L (-7)
141,2005-03-22,29,.458,W (+15)
142,2005-03-24,19,.318,L (-19)
143,2005-03-26,19,.412,L (-31)
144,2005-03-28,44,.552,W (+1)
145,2005-03-29,22,.350,W (+10)
146,2005-03-31,26,.357,L (-12)
147,2005-04-01,35,.619,L (-19)
148,2005-04-03,37,.435,W (+20)
149,2005-04-05,24,.474,L (-31)
150,2005-04-06,20,.500,L (-21)
151,2005-04-08,37,.400,L (-5)
152,2005-04-09,40,.577,W (+17)
153,2005-04-11,33,.522,W (+8)
154,2005-04-14,27,.280,L (-6)
155,2005-04-15,38,.485,L (-8)
156,2005-04-17,37,.343,L (-3)
157,2005-04-19,32,.481,W (+14)
158,2005-04-20,27,.435,W (+9)
159,2005-11-02,31,.563,W (+22)
160,2005-11-04,20,.438,L (-26)
161,2005-11-05,36,.483,L (-7)
162,2005-11-07,27,.529,W (+12)
163,2005-11-09,31,.556,W (+27)
164,2005-11-11,16,.455,W (+19)
165,2005-11-13,26,.450,W (+8)
166,2005-11-15,37,.652,W (+15)
167,2005-11-18,16,.353,W (+18)
168,2005-11-19,36,.583,W (+3)
169,2005-11-22,36,.650,W (+22)
170,2005-11-24,19,.300,L (-22)
171,2005-11-26,38,.448,L (-4)
172,2005-11-30,28,.350,W (+7)
173,2005-12-02,34,.519,L (-7)
174,2005-12-03,30,.320,L (-12)
175,2005-12-06,30,.435,W (+5)
176,2005-12-09,32,.423,L (-9)
177,2005-12-10,52,.655,L (-5)
178,2005-12-13,39,.565,L (-6)
179,2005-12-15,26,.611,W (+9)
180,2005-12-17,41,.632,W (+8)
181,2005-12-20,25,.667,W (+25)
182,2005-12-22,37,.480,W (+8)
183,2005-12-23,14,.250,W (+5)
184,2005-12-26,32,.480,W (+11)
185,2005-12-27,31,.571,L (-5)
186,2005-12-31,30,.500,W (+13)
187,2006-01-04,32,.414,W (+7)
188,2006-01-05,32,.684,L (-9)
189,2006-01-07,35,.636,W (+8)
190,2006-01-10,36,.452,L (-8)
191,2006-01-12,28,.500,L (-1)
192,2006-01-14,46,.643,L (-9)
193,2006-01-15,29,.385,L (-2)
194,2006-01-18,24,.350,L (-1)
195,2006-01-20,14,.227,L (-20)
196,2006-01-21,51,.543,W (+18)
197,2006-01-24,23,.333,W (+30)
198,2006-01-25,38,.500,W (+9)
199,2006-01-27,30,.522,W (+4)
200,2006-01-29,44,.515,W (+7)
201,2006-01-30,30,.579,W (+12)
202,2006-02-01,26,.381,W (+6)
203,2006-02-02,29,.414,L (-28)
204,2006-02-04,31,.588,L (-5)
205,2006-02-06,22,.450,W (+3)
206,2006-02-08,35,.324,W (+6)
207,2006-02-10,18,.261,L (-12)
208,2006-02-11,33,.588,L (-8)
209,2006-02-13,44,.576,W (+14)
210,2006-02-15,43,.500,W (+4)
211,2006-02-21,26,.417,W (+13)
212,2006-02-22,33,.542,L (-9)
213,2006-02-24,25,.333,L (-8)
214,2006-02-26,22,.450,L (-12)
215,2006-02-27,26,.409,L (-12)
216,2006-03-01,19,.333,L (-7)
217,2006-03-02,33,.407,W (+1)
218,2006-03-05,37,.536,W (+19)
219,2006-03-07,17,.294,W (+7)
220,2006-03-08,35,.542,W (+1)
221,2006-03-10,25,.409,L (-29)
222,2006-03-12,47,.407,L (-6)
223,2006-03-14,36,.519,L (-4)
224,2006-03-17,27,.391,W (+15)
225,2006-03-19,29,.417,W (+1)
226,2006-03-22,37,.476,W (+2)
227,2006-03-24,36,.500,W (+12)
228,2006-03-26,36,.412,W (+2)
229,2006-03-29,46,.696,W (+13)
230,2006-04-01,47,.640,W (+7)
231,2006-04-02,35,.542,W (+4)
232,2006-04-04,37,.591,W (+33)
233,2006-04-05,36,.500,L (-2)
234,2006-04-08,37,.462,W (+6)
235,2006-04-10,32,.500,W (+2)
236,2006-04-12,22,.444,L (-23)
237,2006-04-16,17,.500,L (-12)
238,2006-11-01,26,.458,W (+3)
239,2006-11-03,35,.538,W (+7)
240,2006-11-04,16,.231,L (-4)
241,2006-11-07,34,.500,L (-9)
242,2006-11-09,19,.462,W (+19)
243,2006-11-11,38,.529,W (+1)
244,2006-11-13,29,.526,W (+6)
245,2006-11-15,32,.667,W (+13)
246,2006-11-17,37,.500,W (+16)
247,2006-11-18,20,.400,L (-12)
248,2006-11-21,15,.333,W (+3)
249,2006-11-22,30,.458,L (-8)
250,2006-11-24,30,.429,L (-10)
251,2006-11-25,25,.500,W (+13)
252,2006-11-29,27,.455,L (-3)
253,2006-12-01,31,.522,W (+11)
254,2006-12-02,21,.318,L (-18)
255,2006-12-06,26,.611,W (+4)
256,2006-12-09,27,.688,W (+32)
257,2006-12-11,15,.389,L (-6)
258,2006-12-13,22,.353,W (+3)
259,2006-12-15,22,.643,W (+22)
260,2006-12-16,29,.526,L (-7)
261,2006-12-20,37,.455,L (-2)
262,2006-12-21,26,.450,L (-16)
263,2006-12-23,32,.619,W (+3)
264,2006-12-27,27,.400,W (+13)
265,2006-12-29,32,.524,W (+10)
266,2006-12-30,33,.577,L (-7)
267,2007-01-02,19,.412,W (+4)
268,2007-01-03,32,.550,W (+3)
269,2007-01-05,8,.231,W (+9)
270,2007-01-06,19,.429,W (+5)
271,2007-01-09,34,.538,W (+10)
272,2007-01-11,34,.536,L (-19)
273,2007-01-13,28,.435,W (+12)
274,2007-01-16,30,.381,L (-5)
275,2007-01-17,23,.381,L (-18)
276,2007-01-19,30,.391,L (-11)
277,2007-01-20,32,.636,W (+2)
278,2007-01-22,18,.400,L (-11)
279,2007-01-24,39,.538,L (-3)
280,2007-01-28,30,.545,L (-15)
281,2007-02-01,17,.333,L (-3)
282,2007-02-02,18,.538,W (+20)
283,2007-02-04,21,.409,L (-12)
284,2007-02-07,11,.308,W (+17)
285,2007-02-09,29,.545,W (+24)
286,2007-02-11,18,.313,W (+9)
287,2007-02-14,23,.360,L (-1)
288,2007-02-15,38,.625,W (+6)
289,2007-02-21,29,.480,W (+1)
290,2007-02-22,29,.464,L (-6)
291,2007-02-25,29,.455,L (-5)
292,2007-02-27,35,.636,W (+8)
293,2007-03-01,39,.630,L (-3)
294,2007-03-03,36,.500,W (+23)
295,2007-03-05,32,.500,W (+6)
296,2007-03-07,41,.548,W (+4)
297,2007-03-10,32,.545,W (+2)
298,2007-03-11,26,.455,W (+11)
299,2007-03-14,29,.647,W (+22)
300,2007-03-17,24,.381,W (+9)
301,2007-03-20,37,.387,L (-8)
302,2007-03-21,31,.429,L (-8)
303,2007-03-23,21,.500,W (+22)
304,2007-03-25,18,.421,L (-12)
305,2007-03-27,26,.444,W (+11)
306,2007-03-28,24,.300,L (-4)
307,2007-03-31,39,.560,W (+4)
308,2007-04-03,31,.542,W (+13)
309,2007-04-05,35,.524,L (-4)
310,2007-04-06,25,.304,W (+5)
311,2007-04-08,20,.313,L (-5)
312,2007-04-12,35,.556,W (+18)
313,2007-04-14,23,.500,W (+34)
314,2007-04-17,18,.467,W (+6)
315,2007-04-18,24,.500,W (+13)
316,2007-10-31,10,.182,L (-18)
317,2007-11-02,45,.464,W (+4)
318,2007-11-04,27,.423,L (-11)
319,2007-11-06,24,.563,W (+4)
320,2007-11-07,32,.444,L (-2)
321,2007-11-09,26,.526,W (+2)
322,2007-11-11,22,.429,W (+8)
323,2007-11-12,27,.563,L (-22)
324,2007-11-14,39,.556,L (-1)
325,2007-11-16,40,.481,W (+5)
326,2007-11-20,34,.500,L (-4)
327,2007-11-21,45,.654,W (+11)
328,2007-11-24,37,.483,W (+3)
329,2007-11-25,30,.476,W (+5)
330,2007-11-27,38,.440,W (+5)
331,2007-11-28,15,.455,L (-35)
332,2007-12-11,17,.556,W (+13)
333,2007-12-14,29,.480,L (-8)
334,2007-12-15,21,.556,L (-6)
335,2007-12-17,31,.400,W (+5)
336,2007-12-19,32,.571,L (-18)
337,2007-12-20,33,.414,W (+4)
338,2007-12-23,25,.400,L (-9)
339,2007-12-25,25,.474,W (+14)
340,2007-12-27,24,.429,W (+7)
341,2007-12-29,21,.381,L (-10)
342,2008-01-02,36,.591,W (+4)
343,2008-01-04,24,.389,W (+4)
344,2008-01-06,39,.483,W (+3)
345,2008-01-08,22,.444,W (+16)
346,2008-01-09,31,.591,L (-9)
347,2008-01-11,31,.500,W (+7)
348,2008-01-15,51,.643,W (+8)
349,2008-01-17,27,.375,W (+2)
350,2008-01-21,28,.423,W (+7)
351,2008-01-23,23,.538,W (+36)
352,2008-01-25,36,.467,L (-2)
353,2008-01-27,41,.500,W (+3)
354,2008-01-30,37,.448,W (+1)
355,2008-02-02,28,.421,W (+14)
356,2008-02-05,33,.524,W (+1)
357,2008-02-07,32,.522,L (-15)
358,2008-02-08,26,.458,W (+5)
359,2008-02-10,30,.478,L (-30)
360,2008-02-11,29,.533,W (+7)
361,2008-02-13,39,.548,L (-7)
362,2008-02-19,26,.389,L (-8)
363,2008-02-20,31,.500,W (+9)
364,2008-02-22,33,.550,W (+1)
365,2008-02-24,25,.588,W (+20)
366,2008-02-26,35,.667,L (-3)
367,2008-02-27,26,.292,L (-5)
368,2008-02-29,30,.500,W (+8)
369,2008-03-02,37,.517,W (+9)
370,2008-03-05,50,.533,W (+14)
371,2008-03-06,39,.481,L (-11)
372,2008-03-08,38,.458,W (+8)
373,2008-03-10,24,.389,W (+8)
374,2008-03-12,42,.522,L (-5)
375,2008-03-13,25,.409,L (-2)
376,2008-03-16,33,.458,W (+7)
377,2008-03-17,30,.500,L (-14)
378,2008-03-19,30,.579,W (+16)
379,2008-03-21,29,.636,W (+7)
380,2008-03-22,29,.360,L (-10)
381,2008-03-26,21,.429,L (-1)
382,2008-03-29,13,.235,L (-14)
383,2008-03-30,26,.611,W (+3)
384,2008-04-02,29,.579,W (+4)
385,2008-04-03,33,.417,L (-3)
386,2008-04-05,17,.273,L (-15)
387,2008-04-09,33,.524,W (+21)
388,2008-04-11,34,.619,L (-5)
389,2008-04-13,13,.333,W (+8)
390,2008-04-14,27,.556,W (+1)
391,2008-10-28,22,.429,L (-5)
392,2008-10-30,22,.467,W (+17)
393,2008-11-01,15,.400,L (-12)
394,2008-11-03,29,.400,W (+19)
395,2008-11-05,41,.565,W (+14)
396,2008-11-07,27,.458,W (+4)
397,2008-11-08,41,.448,W (+9)
398,2008-11-11,41,.667,W (+6)
399,2008-11-13,22,.500,W (+11)
400,2008-11-15,38,.619,W (+12)
401,2008-11-18,31,.450,W (+24)
402,2008-11-19,25,.381,L (-7)
403,2008-11-22,24,.421,W (+14)
404,2008-11-25,26,.500,W (+18)
405,2008-11-26,14,.583,W (+35)
406,2008-11-28,23,.692,W (+15)
407,2008-11-29,32,.444,W (+12)
408,2008-12-03,21,.500,W (+36)
409,2008-12-05,11,.333,W (+24)
410,2008-12-06,25,.471,W (+20)
411,2008-12-09,31,.611,W (+20)
412,2008-12-10,29,.455,W (+8)
413,2008-12-12,28,.429,W (+16)
414,2008-12-13,33,.526,L (-5)
415,2008-12-17,32,.700,W (+23)
416,2008-12-19,33,.650,W (+17)
417,2008-12-21,31,.583,W (+11)
418,2008-12-23,27,.478,W (+9)
419,2008-12-25,18,.462,W (+4)
420,2008-12-28,33,.632,W (+7)
421,2008-12-30,38,.500,L (-9)
422,2009-01-02,16,.375,W (+25)
423,2009-01-04,30,.500,L (-3)
424,2009-01-07,21,.563,W (+30)
425,2009-01-09,38,.520,W (+15)
426,2009-01-13,30,.600,W (+15)
427,2009-01-15,28,.286,L (-9)
428,2009-01-16,29,.500,W (+14)
429,2009-01-19,23,.360,L (-17)
430,2009-01-21,34,.467,W (+6)
431,2009-01-23,32,.417,W (+1)
432,2009-01-24,33,.519,W (+5)
433,2009-01-27,23,.500,W (+7)
434,2009-01-29,23,.370,L (-11)
435,2009-01-30,25,.529,W (+17)
436,2009-02-01,33,.480,W (+10)
437,2009-02-03,33,.450,W (+18)
438,2009-02-04,52,.515,W (+5)
439,2009-02-08,16,.250,L (-10)
440,2009-02-10,47,.714,L (-1)
441,2009-02-11,26,.500,W (+17)
442,2009-02-18,20,.529,W (+17)
443,2009-02-20,55,.552,W (+8)
444,2009-02-22,20,.462,W (+21)
445,2009-02-24,15,.400,W (+15)
446,2009-02-26,21,.333,L (-19)
447,2009-02-27,30,.522,W (+11)
448,2009-03-01,26,.400,W (+1)
449,2009-03-02,42,.619,W (+7)
450,2009-03-04,23,.636,W (+18)
451,2009-03-06,21,.333,L (-11)
452,2009-03-07,14,.333,W (+10)
453,2009-03-10,32,.435,W (+4)
454,2009-03-12,34,.417,W (+8)
455,2009-03-13,51,.533,W (+3)
456,2009-03-15,19,.529,W (+5)
457,2009-03-17,43,.556,W (+4)
458,2009-03-19,26,.455,W (+5)
459,2009-03-21,22,.429,W (+6)
460,2009-03-22,30,.529,W (+8)
461,2009-03-25,22,.500,W (+11)
462,2009-03-27,25,.571,W (+22)
463,2009-03-29,24,.409,W (+28)
464,2009-03-31,25,.375,W (+6)
465,2009-04-02,31,.611,L (-8)
466,2009-04-03,26,.350,L (-29)
467,2009-04-05,38,.667,W (+20)
468,2009-04-08,21,.467,W (+12)
469,2009-04-10,27,.471,W (+10)
470,2009-04-12,29,.643,W (+31)
471,2009-04-13,37,.522,W (+8)
472,2009-10-27,38,.545,L (-6)
473,2009-10-28,23,.368,L (-10)
474,2009-10-30,24,.556,W (+17)
475,2009-10-31,14,.455,W (+11)
476,2009-11-03,27,.438,W (+12)
477,2009-11-05,25,.529,L (-1)
478,2009-11-06,33,.706,W (+9)
479,2009-11-11,36,.565,W (+9)
480,2009-11-12,34,.400,W (+7)
481,2009-11-14,21,.400,W (+4)
482,2009-11-17,31,.579,W (+6)
483,2009-11-18,34,.600,L (-17)
484,2009-11-20,40,.520,W (+10)
485,2009-11-21,32,.650,W (+6)
486,2009-11-25,34,.500,W (+10)
487,2009-11-27,25,.526,L (-7)
488,2009-11-28,25,.500,W (+16)
489,2009-12-02,12,.400,W (+17)
490,2009-12-04,23,.471,W (+14)
491,2009-12-06,14,.400,W (+15)
492,2009-12-08,43,.483,L (-2)
493,2009-12-09,27,.381,L (-10)
494,2009-12-11,33,.583,W (+5)
495,2009-12-13,44,.552,W (+13)
496,2009-12-15,23,.474,W (+10)
497,2009-12-16,36,.462,W (+7)
498,2009-12-18,26,.462,W (+3)
499,2009-12-20,25,.391,L (-7)
500,2009-12-21,29,.524,W (+18)
501,2009-12-23,34,.467,W (+13)
502,2009-12-25,26,.474,W (+15)
503,2009-12-27,29,.600,W (+25)
504,2009-12-29,14,.300,W (+11)
505,2009-12-30,48,.652,W (+5)
506,2010-01-02,28,.438,W (+8)
507,2010-01-03,29,.619,L (-3)
508,2010-01-06,23,.583,W (+23)
509,2010-01-08,35,.429,L (-2)
510,2010-01-10,41,.684,W (+12)
511,2010-01-11,37,.522,W (+3)
512,2010-01-14,36,.600,L (-1)
513,2010-01-16,32,.600,W (+1)
514,2010-01-19,28,.444,W (+8)
515,2010-01-21,37,.520,W (+6)
516,2010-01-23,37,.474,W (+1)
517,2010-01-25,32,.391,W (+1)
518,2010-01-27,12,.375,W (+14)
519,2010-01-29,22,.333,W (+21)
520,2010-01-31,32,.500,W (+25)
521,2010-02-02,22,.500,W (+16)
522,2010-02-04,36,.563,W (+16)
523,2010-02-06,47,.548,W (+7)
524,2010-02-09,32,.619,W (+7)
525,2010-02-11,32,.476,W (+9)
526,2010-02-18,43,.455,L (-2)
527,2010-02-19,22,.429,L (-17)
528,2010-02-21,33,.480,L (-6)
529,2010-02-23,20,.438,W (+10)
530,2010-02-25,36,.478,W (+20)
531,2010-02-26,36,.588,W (+8)
532,2010-03-01,22,.529,W (+31)
533,2010-03-03,26,.556,W (+19)
534,2010-03-05,40,.593,W (+7)
535,2010-03-12,23,.389,W (+5)
536,2010-03-14,30,.429,W (+11)
537,2010-03-16,29,.455,W (+12)
538,2010-03-17,32,.458,W (+5)
539,2010-03-19,29,.429,W (+7)
540,2010-03-21,15,.556,W (+25)
541,2010-03-24,38,.682,W (+13)
542,2010-03-26,27,.524,L (-5)
543,2010-03-28,34,.591,W (+7)
544,2010-03-31,23,.412,W (+3)
545,2010-04-02,27,.550,W (+5)
546,2010-04-04,42,.452,L (-4)
547,2010-04-06,19,.385,W (+12)
548,2010-10-26,31,.476,L (-8)
549,2010-10-27,16,.417,W (+10)
550,2010-10-29,15,.462,W (+26)
551,2010-10-31,20,.417,W (+23)
552,2010-11-02,20,.583,W (+32)
553,2010-11-05,20,.375,L (-3)
554,2010-11-06,23,.563,W (+12)
555,2010-11-09,20,.278,L (-2)
556,2010-11-11,35,.429,L (-5)
557,2010-11-13,23,.381,W (+9)
558,2010-11-17,20,.600,W (+27)
559,2010-11-19,32,.480,W (+8)
560,2010-11-20,29,.478,L (-2)
561,2010-11-22,25,.429,L (-16)
562,2010-11-24,25,.500,L (-9)
563,2010-11-26,20,.333,W (+9)
564,2010-11-27,23,.263,L (-11)
565,2010-11-29,30,.556,W (+11)
566,2010-12-01,18,.533,W (+25)
567,2010-12-02,38,.600,W (+28)
568,2010-12-04,22,.455,W (+12)
569,2010-12-06,17,.438,W (+10)
570,2010-12-08,33,.600,W (+13)
571,2010-12-10,25,.556,W (+22)
572,2010-12-11,25,.526,W (+21)
573,2010-12-13,20,.375,W (+12)
574,2010-12-15,21,.333,W (+6)
575,2010-12-17,32,.609,W (+22)
576,2010-12-18,32,.474,W (+1)
577,2010-12-20,19,.353,L (-2)
578,2010-12-23,36,.591,W (+12)
579,2010-12-25,27,.571,W (+16)
580,2010-12-28,18,.471,W (+8)
581,2010-12-29,20,.533,W (+6)
582,2011-01-01,25,.467,W (+7)
583,2011-01-03,38,.577,W (+14)
584,2011-01-04,25,.533,W (+12)
585,2011-01-07,26,.348,W (+6)
586,2011-01-09,44,.654,W (+7)
587,2011-01-12,27,.458,L (-6)
588,2011-01-18,34,.367,L (-4)
589,2011-01-22,38,.483,W (+17)
590,2011-01-27,24,.292,L (-5)
591,2011-01-28,39,.600,W (+1)
592,2011-01-30,23,.500,W (+5)
593,2011-01-31,24,.500,W (+27)
594,2011-02-03,51,.680,W (+4)
595,2011-02-04,19,.538,W (+12)
596,2011-02-06,12,.400,W (+18)
597,2011-02-08,41,.652,W (+5)
598,2011-02-11,16,.412,W (+14)
599,2011-02-13,22,.476,L (-3)
600,2011-02-15,27,.550,W (+7)
601,2011-02-16,23,.444,W (+8)
602,2011-02-22,31,.538,W (+20)
603,2011-02-24,29,.571,L (-4)
604,2011-02-25,25,.455,W (+8)
605,2011-02-27,27,.500,L (-5)
606,2011-03-03,29,.688,L (-3)
607,2011-03-04,26,.579,L (-30)
608,2011-03-06,26,.556,L (-1)
609,2011-03-08,31,.700,L (-9)
610,2011-03-10,19,.412,W (+6)
611,2011-03-12,27,.625,W (+33)
612,2011-03-14,21,.421,W (+30)
613,2011-03-16,19,.381,L (-11)
614,2011-03-18,43,.762,W (+21)
615,2011-03-19,33,.600,W (+5)
616,2011-03-23,19,.500,W (+6)
617,2011-03-25,32,.647,W (+12)
618,2011-03-27,33,.619,W (+6)
619,2011-03-29,27,.476,L (-12)
620,2011-03-30,35,.750,W (+16)
621,2011-04-01,27,.550,W (+19)
622,2011-04-03,31,.722,W (+14)
623,2011-04-06,29,.455,L (-5)
624,2011-04-08,23,.563,W (+9)
625,2011-04-10,27,.579,W (+23)
626,2011-04-11,34,.476,W (+8)
627,2011-12-25,37,.579,W (+11)
628,2011-12-27,26,.643,W (+8)
629,2011-12-28,35,.565,W (+1)
630,2011-12-30,34,.615,W (+2)
631,2012-01-01,16,.600,W (+39)
632,2012-01-02,28,.611,L (-8)
633,2012-01-04,33,.571,W (+35)
634,2012-01-07,32,.647,W (+11)
635,2012-01-10,26,.526,L (-5)
636,2012-01-11,23,.368,L (-6)
637,2012-01-13,35,.650,L (-13)
638,2012-01-17,33,.571,W (+22)
639,2012-01-19,31,.444,W (+11)
640,2012-01-21,28,.706,W (+21)
641,2012-01-22,28,.444,L (-9)
642,2012-01-24,18,.381,W (+7)
643,2012-01-25,32,.450,W (+3)
644,2012-01-27,31,.611,W (+10)
645,2012-01-29,35,.522,W (+4)
646,2012-01-30,22,.667,W (+14)
647,2012-02-01,40,.583,L (-8)
648,2012-02-03,19,.500,W (+20)
649,2012-02-05,30,.588,W (+6)
650,2012-02-07,24,.563,W (+16)
651,2012-02-08,17,.333,L (-13)
652,2012-02-10,18,.429,W (+17)
653,2012-02-12,23,.400,W (+20)
654,2012-02-13,35,.762,W (+18)
655,2012-02-14,23,.467,W (+15)
656,2012-02-17,28,.579,W (+24)
657,2012-02-19,25,.643,W (+12)
658,2012-02-21,18,.636,W (+12)
659,2012-02-23,20,.438,W (+14)
660,2012-03-01,38,.591,W (+14)
661,2012-03-02,35,.667,L (-1)
662,2012-03-04,25,.462,L (-10)
663,2012-03-06,21,.818,W (+30)
664,2012-03-07,31,.600,W (+3)
665,2012-03-10,27,.421,W (+2)
666,2012-03-13,19,.350,L (-6)
667,2012-03-14,35,.560,L (-4)
668,2012-03-16,29,.600,W (+6)
669,2012-03-18,14,.286,W (+10)
670,2012-03-20,20,.444,W (+4)
671,2012-03-23,17,.400,W (+15)
672,2012-03-25,17,.444,L (-16)
673,2012-03-26,24,.429,L (-15)
674,2012-03-29,19,.500,W (+21)
675,2012-03-30,26,.611,W (+12)
676,2012-04-01,23,.550,L (-19)
677,2012-04-03,41,.600,W (+6)
678,2012-04-04,34,.500,W (+5)
679,2012-04-06,21,.421,L (-15)
680,2012-04-08,26,.545,W (+23)
681,2012-04-10,36,.478,L (-8)
682,2012-04-12,30,.458,L (-10)
683,2012-04-13,19,.438,W (+23)
684,2012-04-15,29,.458,W (+8)
685,2012-04-16,37,.579,W (+3)
686,2012-04-18,28,.800,W (+24)
687,2012-04-19,27,.444,W (+11)
688,2012-04-22,32,.524,W (+9)
689,2012-10-30,26,.625,W (+13)
690,2012-11-02,23,.500,L (-20)
691,2012-11-03,20,.471,W (+3)
692,2012-11-05,23,.588,W (+25)
693,2012-11-07,20,.583,W (+30)
694,2012-11-09,21,.588,W (+6)
695,2012-11-11,20,.526,L (-18)
696,2012-11-12,38,.538,W (+3)
697,2012-11-14,30,.522,L (-7)
698,2012-11-15,27,.478,W (+5)
699,2012-11-17,21,.400,W (+9)
700,2012-11-21,28,.524,W (+7)
701,2012-11-24,30,.625,W (+2)
702,2012-11-29,23,.563,W (+5)
703,2012-12-01,21,.533,W (+13)
704,2012-12-04,26,.500,L (-4)
705,2012-12-06,31,.550,L (-20)
706,2012-12-08,24,.688,W (+16)
707,2012-12-10,27,.625,W (+9)
708,2012-12-12,31,.522,L (-2)
709,2012-12-15,23,.533,W (+30)
710,2012-12-18,22,.444,W (+11)
711,2012-12-20,24,.692,W (+15)
712,2012-12-22,30,.550,W (+16)
713,2012-12-25,29,.600,W (+6)
714,2012-12-26,27,.474,W (+13)
715,2012-12-28,35,.682,L (-10)
716,2012-12-29,26,.550,L (-19)
717,2012-12-31,36,.455,W (+2)
718,2013-01-02,32,.550,W (+10)
719,2013-01-04,30,.571,L (-7)
720,2013-01-06,24,.529,W (+28)
721,2013-01-08,22,.500,L (-10)
722,2013-01-10,15,.375,L (-2)
723,2013-01-12,20,.700,W (+29)
724,2013-01-14,32,.684,L (-7)
725,2013-01-16,25,.550,W (+17)
726,2013-01-17,39,.680,W (+9)
727,2013-01-23,31,.522,W (+7)
728,2013-01-25,23,.643,W (+22)
729,2013-01-27,34,.452,L (-2)
730,2013-01-30,24,.556,W (+20)
731,2013-02-01,28,.529,L (-13)
732,2013-02-03,30,.625,W (+15)
733,2013-02-04,31,.929,W (+5)
734,2013-02-06,32,.611,W (+6)
735,2013-02-08,30,.818,W (+22)
736,2013-02-10,32,.667,W (+10)
737,2013-02-12,30,.733,W (+13)
738,2013-02-14,39,.583,W (+10)
739,2013-02-20,24,.533,W (+13)
740,2013-02-21,26,.733,W (+19)
741,2013-02-23,16,.583,W (+24)
742,2013-02-24,28,.526,W (+4)
743,2013-02-26,40,.609,W (+12)
744,2013-03-01,18,.286,W (+7)
745,2013-03-03,29,.522,W (+6)
746,2013-03-04,20,.563,W (+16)
747,2013-03-06,26,.500,W (+1)
748,2013-03-08,25,.588,W (+9)
749,2013-03-10,13,.500,W (+14)
750,2013-03-12,15,.273,W (+17)
751,2013-03-13,27,.421,W (+4)
752,2013-03-15,28,.500,W (+13)
753,2013-03-17,22,.500,W (+17)
754,2013-03-18,37,.552,W (+2)
755,2013-03-20,25,.364,W (+3)
756,2013-03-22,29,.800,W (+14)
757,2013-03-24,32,.786,W (+32)
758,2013-03-25,24,.563,W (+14)
759,2013-03-27,32,.647,L (-4)
760,2013-03-29,36,.650,W (+19)
761,2013-04-06,27,.706,W (+2)
762,2013-04-09,28,.688,L (-12)
763,2013-04-12,20,.800,W (+10)
764,2013-04-14,24,.583,W (+19)
765,2013-10-29,17,.455,W (+12)
766,2013-10-30,25,.529,L (-4)
767,2013-11-01,26,.579,L (-1)
768,2013-11-03,25,.643,W (+10)
769,2013-11-05,35,.650,W (+9)
770,2013-11-07,18,.462,W (+5)
771,2013-11-09,25,.692,L (-1)
772,2013-11-12,33,.619,W (+23)
773,2013-11-15,39,.778,W (+6)
774,2013-11-16,30,.722,W (+16)
775,2013-11-19,13,.462,W (+16)
776,2013-11-20,21,.455,W (+28)
777,2013-11-23,22,.538,W (+2)
778,2013-11-25,35,.786,W (+15)
779,2013-11-27,28,.474,W (+11)
780,2013-11-29,27,.588,W (+7)
781,2013-12-01,26,.615,W (+1)
782,2013-12-03,23,.533,L (-10)
783,2013-12-05,21,.412,L (-20)
784,2013-12-07,21,.750,W (+21)
785,2013-12-08,24,.667,W (+15)
786,2013-12-10,17,.375,L (-6)
787,2013-12-14,25,.750,W (+7)
788,2013-12-16,30,.765,W (+23)
789,2013-12-18,24,.571,W (+3)
790,2013-12-20,18,.727,W (+19)
791,2013-12-23,38,.571,W (+2)
792,2013-12-25,19,.500,W (+6)
793,2013-12-27,33,.522,L (-5)
794,2013-12-30,26,.533,W (+1)
795,2014-01-02,26,.625,W (+3)
796,2014-01-04,15,.385,L (-9)
797,2014-01-05,30,.667,W (+16)
798,2014-01-07,32,.591,W (+5)
799,2014-01-09,32,.706,W (+19)
800,2014-01-10,36,.571,L (-10)
801,2014-01-15,25,.444,L (-9)
802,2014-01-17,21,.538,L (-17)
803,2014-01-18,34,.520,W (+15)
804,2014-01-20,30,.524,W (+8)
805,2014-01-21,29,.526,L (-7)
806,2014-01-23,27,.600,W (+7)
807,2014-01-26,18,.533,W (+7)
808,2014-01-29,34,.600,W (+12)
809,2014-02-01,30,.591,L (-17)
810,2014-02-03,24,.474,W (+15)
811,2014-02-05,31,.550,W (+6)
812,2014-02-08,13,.308,W (+4)
813,2014-02-11,37,.545,L (-5)
814,2014-02-12,36,.538,W (+6)
815,2014-02-18,42,.696,W (+1)
816,2014-02-20,33,.682,W (+11)
817,2014-02-27,31,.684,W (+22)
818,2014-03-01,20,.667,W (+14)
819,2014-03-03,61,.667,W (+26)
820,2014-03-04,22,.500,W (+14)
821,2014-03-06,19,.333,W (+17)
822,2014-03-09,17,.348,L (-3)
823,2014-03-10,23,.667,L (-24)
824,2014-03-12,19,.462,L (-7)
825,2014-03-14,21,.471,W (+9)
826,2014-03-16,24,.471,L (-1)
827,2014-03-18,43,.737,L (-4)
828,2014-03-21,15,.500,W (+9)
829,2014-03-22,25,.556,W (+4)
830,2014-03-24,32,.565,L (-5)
831,2014-03-26,38,.579,W (+5)
832,2014-03-28,17,.538,L (-10)
833,2014-03-29,13,.500,W (+2)
834,2014-03-31,32,.550,L (-1)
835,2014-04-02,17,.583,W (+32)
836,2014-04-04,34,.500,W (+21)
837,2014-04-06,38,.591,W (+10)
838,2014-04-08,29,.563,W (+19)
839,2014-04-09,37,.609,L (-1)
840,2014-04-11,36,.550,W (+11)
841,2014-04-12,27,.455,L (-1)
842,2014-10-30,17,.333,L (-5)
843,2014-10-31,36,.467,W (+6)
844,2014-11-04,11,.333,L (-19)
845,2014-11-05,31,.444,L (-2)
846,2014-11-07,22,.444,W (+9)
847,2014-11-10,32,.529,W (+7)
848,2014-11-14,41,.593,W (+1)
849,2014-11-15,32,.650,W (+33)
850,2014-11-17,22,.444,L (-9)
851,2014-11-19,15,.353,L (-2)
852,2014-11-21,22,.381,L (-13)
853,2014-11-22,15,.500,L (-17)
854,2014-11-24,29,.529,W (+32)
855,2014-11-26,29,.500,W (+26)
856,2014-11-29,19,.500,W (+12)
857,2014-12-02,26,.400,W (+3)
858,2014-12-04,19,.412,W (+3)
859,2014-12-05,24,.500,W (+14)
860,2014-12-08,18,.471,W (+22)
861,2014-12-09,35,.571,W (+4)
862,2014-12-12,41,.708,L (-9)
863,2014-12-15,27,.579,L (-5)
864,2014-12-17,21,.500,W (+9)
865,2014-12-19,22,.389,L (-29)
866,2014-12-21,25,.600,W (+4)
867,2014-12-23,24,.500,W (+14)
868,2014-12-25,30,.563,W (+21)
869,2014-12-26,29,.500,L (-10)
870,2014-12-28,17,.263,W (+9)
871,2015-01-13,33,.611,L (-23)
872,2015-01-15,36,.522,L (-8)
873,2015-01-16,32,.478,L (-16)
874,2015-01-19,26,.522,W (+4)
875,2015-01-21,26,.500,L (-19)
876,2015-01-23,25,.600,L (-3)
877,2015-01-25,34,.440,L (-12)
878,2015-01-27,32,.458,L (-18)
879,2015-01-30,19,.438,L (-19)
880,2015-01-31,36,.560,L (-7)
881,2015-02-02,18,.353,W (+7)
882,2015-02-05,23,.571,W (+5)
883,2015-02-06,25,.476,W (+14)
884,2015-02-08,22,.500,W (+14)
885,2015-02-11,18,.375,W (+39)
886,2015-02-12,31,.462,W (+10)
887,2015-02-20,28,.571,W (+8)
888,2015-02-22,18,.412,W (+5)
889,2015-02-24,19,.429,W (+11)
890,2015-02-26,42,.600,W (+16)
891,2015-03-01,37,.429,W (+13)
892,2015-03-03,27,.522,W (+11)
893,2015-03-04,29,.563,L (-4)
894,2015-03-06,18,.385,W (+15)
895,2015-03-07,17,.375,W (+20)
896,2015-03-10,27,.714,L (-15)
897,2015-03-12,31,.500,W (+38)
898,2015-03-15,21,.643,W (+18)
899,2015-03-16,26,.421,W (+9)
900,2015-03-18,16,.385,W (+11)
901,2015-03-20,29,.500,L (-7)
902,2015-03-22,28,.588,L (-2)
903,2015-03-25,20,.467,W (+31)
904,2015-03-27,24,.533,W (+8)
905,2015-03-29,20,.333,L (-9)
906,2015-04-02,23,.563,W (+10)
907,2015-04-05,20,.471,W (+33)
908,2015-04-08,21,.533,W (+3)
909,2015-04-10,14,.357,W (+15)
910,2015-04-13,21,.412,L (-14)
911,2015-10-27,25,.545,L (-2)
912,2015-10-28,12,.308,W (+30)
913,2015-10-30,29,.684,W (+10)
914,2015-11-02,22,.474,W (+7)
915,2015-11-04,23,.391,W (+10)
916,2015-11-06,31,.545,W (+6)
917,2015-11-08,29,.435,W (+4)
918,2015-11-10,31,.579,W (+4)
919,2015-11-13,31,.571,W (+6)
920,2015-11-14,37,.481,L (-3)
921,2015-11-17,30,.524,L (-5)
922,2015-11-19,27,.692,W (+15)
923,2015-11-21,19,.533,W (+12)
924,2015-11-23,15,.500,W (+14)
925,2015-11-25,24,.375,L (-4)
926,2015-11-27,25,.400,W (+5)
927,2015-11-28,26,.455,W (+2)
928,2015-12-01,24,.400,L (-12)
929,2015-12-04,37,.448,L (-6)
930,2015-12-08,33,.583,L (-15)
931,2015-12-11,25,.667,W (+5)
932,2015-12-15,24,.500,W (+35)
933,2015-12-17,33,.444,W (+12)
934,2015-12-20,23,.588,W (+4)
935,2015-12-23,24,.409,W (+22)
936,2015-12-25,25,.385,W (+7)
937,2015-12-26,12,.308,L (-6)
938,2015-12-28,14,.400,L (-29)
939,2015-12-29,34,.542,W (+4)
940,2016-01-02,29,.611,W (+6)
941,2016-01-04,20,.636,W (+25)
942,2016-01-06,34,.545,W (+22)
943,2016-01-08,13,.417,W (+6)
944,2016-01-10,37,.682,W (+26)
945,2016-01-12,27,.529,W (+10)
946,2016-01-14,22,.529,W (+3)
947,2016-01-15,19,.500,L (-4)
948,2016-01-18,16,.438,W (+14)
949,2016-01-20,17,.583,L (-34)
950,2016-01-21,22,.529,W (+13)
951,2016-01-23,26,.407,W (+13)
952,2016-01-25,25,.733,L (-13)
953,2016-01-27,21,.875,W (+7)
954,2016-01-29,20,.438,W (+22)
955,2016-01-30,29,.588,W (+8)
956,2016-02-01,24,.409,W (+14)
957,2016-02-03,23,.476,W (+5)
958,2016-02-05,30,.391,L (-9)
959,2016-02-06,27,.550,L (-1)
960,2016-02-08,21,.500,W (+15)
961,2016-02-10,29,.545,W (+20)
962,2016-02-18,25,.579,W (+9)
963,2016-02-21,25,.500,W (+11)
964,2016-02-22,12,.278,W (+23)
965,2016-02-24,23,.615,L (-8)
966,2016-02-26,25,.500,W (+11)
967,2016-02-29,33,.636,L (-2)
968,2016-03-04,19,.389,L (-14)
969,2016-03-05,28,.550,W (+4)
970,2016-03-07,28,.579,W (+25)
971,2016-03-09,25,.421,W (+17)
972,2016-03-10,24,.500,L (-3)
973,2016-03-13,27,.600,W (+9)
974,2016-03-14,23,.500,W (+12)
975,2016-03-18,18,.400,W (+24)
976,2016-03-19,26,.650,L (-9)
977,2016-03-21,33,.632,W (+1)
978,2016-03-23,26,.409,W (+6)
979,2016-03-24,30,.813,L (-21)
980,2016-03-26,27,.476,W (+33)
981,2016-03-31,24,.727,W (+9)
982,2016-04-01,29,.462,L (-9)
983,2016-04-03,31,.636,W (+14)
984,2016-04-05,17,.778,L (-6)
985,2016-04-09,33,.765,W (+20)
986,2016-04-11,34,.813,W (+2)
987,2016-10-25,19,.643,W (+29)
988,2016-10-28,21,.438,W (+3)
989,2016-10-29,23,.438,W (+6)
990,2016-11-01,19,.500,W (+8)
991,2016-11-03,30,.545,W (+6)
992,2016-11-05,25,.391,W (+1)
993,2016-11-08,23,.471,L (-4)
994,2016-11-11,27,.500,W (+11)
995,2016-11-13,19,.381,W (+7)
996,2016-11-15,28,.667,W (+4)
997,2016-11-18,21,.643,L (-10)
998,2016-11-23,31,.524,W (+23)
999,2016-11-25,19,.462,W (+12)
1000,2016-11-27,26,.474,W (+38)
1001,2016-11-29,22,.500,W (+4)
1002,2016-12-01,16,.357,L (-17)
1003,2016-12-02,27,.591,L (-19)
1004,2016-12-05,34,.462,L (-6)
1005,2016-12-07,25,.700,W (+4)
1006,2016-12-09,27,.545,W (+32)
1007,2016-12-10,44,.708,W (+30)
1008,2016-12-13,23,.529,W (+11)
1009,2016-12-17,26,.500,W (+17)
1010,2016-12-20,34,.480,L (-8)
1011,2016-12-21,29,.500,W (+11)
1012,2016-12-23,19,.438,W (+6)
1013,2016-12-25,31,.545,W (+11)
1014,2016-12-29,23,.500,W (+20)
1015,2016-12-31,32,.480,W (+1)
1016,2017-01-02,26,.429,L (-16)
1017,2017-01-04,31,.571,W (+6)
1018,2017-01-06,36,.700,W (+12)
1019,2017-01-08,28,.647,W (+8)
1020,2017-01-10,29,.500,L (-12)
1021,2017-01-11,20,.417,W (+8)
1022,2017-01-13,16,.500,W (+4)
1023,2017-01-16,20,.333,L (-8)
1024,2017-01-19,21,.667,L (-16)
1025,2017-01-21,29,.688,W (+12)
1026,2017-01-23,26,.524,L (-35)
1027,2017-01-25,24,.533,W (+15)
1028,2017-01-27,31,.722,L (-3)
1029,2017-01-29,25,.500,L (-2)
1030,2017-01-30,23,.474,L (-4)
1031,2017-02-01,27,.786,W (+8)
1032,2017-02-04,32,.600,W (+16)
1033,2017-02-06,32,.667,L (-7)
1034,2017-02-08,25,.563,W (+28)
1035,2017-02-09,18,.421,W (+7)
1036,2017-02-11,27,.688,W (+5)
1037,2017-02-14,25,.714,W (+15)
1038,2017-02-15,31,.706,L (-9)
1039,2017-02-23,18,.636,W (+16)
1040,2017-02-27,24,.667,W (+8)
1041,2017-03-01,28,.476,W (+9)
1042,2017-03-03,38,.519,W (+15)
1043,2017-03-06,30,.500,L (-18)
1044,2017-03-09,29,.545,W (+7)
1045,2017-03-11,24,.571,L (-4)
1046,2017-03-12,30,.600,W (+5)
1047,2017-03-14,16,.500,L (-28)
1048,2017-03-16,33,.650,L (-8)
1049,2017-03-19,34,.591,L (-5)
1050,2017-03-22,18,.667,W (+12)
1051,2017-03-24,32,.643,L (-5)
1052,2017-03-25,24,.476,W (+32)
1053,2017-03-27,17,.412,W (+8)
1054,2017-03-30,26,.550,L (-30)
1055,2017-03-31,34,.636,W (+5)
1056,2017-04-02,41,.552,L (-13)
1057,2017-04-04,18,.500,W (+7)
1058,2017-04-05,36,.636,L (-12)
1059,2017-04-07,27,.800,L (-29)
1060,2017-04-09,32,.524,L (-6)
1061,2017-10-17,29,.632,W (+3)
1062,2017-10-20,24,.625,W (+19)
1063,2017-10-21,22,.533,L (-21)
1064,2017-10-24,34,.650,W (+7)
1065,2017-10-25,29,.600,L (-5)
1066,2017-10-28,18,.545,L (-22)
1067,2017-10-29,16,.467,L (-19)
1068,2017-11-01,33,.636,L (-17)
1069,2017-11-03,57,.676,W (+8)
1070,2017-11-05,26,.588,L (-2)
1071,2017-11-07,30,.500,W (+5)
1072,2017-11-09,33,.625,L (-4)
1073,2017-11-11,19,.429,W (+7)
1074,2017-11-13,23,.500,W (+3)
1075,2017-11-15,31,.500,W (+8)
1076,2017-11-17,39,.654,W (+5)
1077,2017-11-20,18,.500,W (+28)
1078,2017-11-22,33,.647,W (+10)
1079,2017-11-24,27,.500,W (+1)
1080,2017-11-27,30,.522,W (+22)
1081,2017-11-28,21,.625,W (+11)
1082,2017-11-30,24,.727,W (+7)
1083,2017-12-02,34,.591,W (+5)
1084,2017-12-04,23,.600,W (+22)
1085,2017-12-06,32,.667,W (+6)
1086,2017-12-08,29,.545,L (-4)
1087,2017-12-09,30,.391,W (+7)
1088,2017-12-12,25,.846,W (+9)
1089,2017-12-14,25,.444,W (+9)
1090,2017-12-16,29,.600,W (+9)
1091,2017-12-17,20,.348,W (+7)
1092,2017-12-19,39,.636,L (-3)
1093,2017-12-21,34,.522,W (+3)
1094,2017-12-25,20,.389,L (-7)
1095,2017-12-27,16,.353,L (-14)
1096,2017-12-30,29,.545,L (-3)
1097,2018-01-02,24,.588,W (+17)
1098,2018-01-03,19,.533,L (-14)
1099,2018-01-06,33,.522,W (+4)
1100,2018-01-08,10,.500,L (-28)
1101,2018-01-11,26,.563,L (-34)
1102,2018-01-12,27,.440,L (-2)
1103,2018-01-15,32,.667,L (-10)
1104,2018-01-18,16,.438,W (+1)
1105,2018-01-20,18,.471,L (-24)
1106,2018-01-23,28,.435,L (-12)
1107,2018-01-26,26,.647,W (+7)
1108,2018-01-28,25,.533,W (+17)
1109,2018-01-30,21,.450,L (-11)
1110,2018-01-31,24,.381,W (+2)
1111,2018-02-03,11,.300,L (-32)
1112,2018-02-06,25,.588,L (-18)
1113,2018-02-07,37,.727,W (+2)
1114,2018-02-09,22,.400,W (+16)
1115,2018-02-11,24,.450,W (+22)
1116,2018-02-13,37,.609,W (+8)
1117,2018-02-22,32,.722,L (-7)
1118,2018-02-23,18,.438,W (+23)
1119,2018-02-25,33,.560,L (-16)
1120,2018-02-27,31,.520,W (+6)
1121,2018-03-01,30,.500,L (-11)
1122,2018-03-03,25,.421,L (-9)
1123,2018-03-05,31,.647,W (+22)
1124,2018-03-07,39,.600,W (+5)
1125,2018-03-09,25,.550,L (-14)
1126,2018-03-11,24,.450,L (-14)
1127,2018-03-13,28,.500,W (+22)
1128,2018-03-15,35,.600,L (-8)
1129,2018-03-17,33,.577,W (+5)
1130,2018-03-19,40,.552,W (+7)
1131,2018-03-21,35,.579,W (+3)
1132,2018-03-23,27,.688,W (+25)
1133,2018-03-25,37,.737,W (+7)
1134,2018-03-27,18,.389,L (-19)
1135,2018-03-28,41,.538,W (+13)
1136,2018-03-30,27,.500,W (+5)
1137,2018-04-01,16,.238,W (+11)
1138,2018-04-03,27,.571,W (+6)
1139,2018-04-05,33,.600,W (+4)
1140,2018-04-06,44,.586,L (-2)
1141,2018-04-09,26,.438,W (+14)
1142,2018-04-11,10,.444,L (-12)
1143,2018-10-18,26,.563,L (-9)
1144,2018-10-20,24,.409,L (-9)
1145,2018-10-22,32,.440,L (-1)
1146,2018-10-24,19,.438,W (+18)
1147,2018-10-25,28,.588,W (+7)
1148,2018-10-27,35,.619,L (-4)
1149,2018-10-29,29,.478,L (-4)
1150,2018-10-31,29,.579,W (+1)
1151,2018-11-03,28,.450,W (+4)
1152,2018-11-04,18,.500,L (-14)
1153,2018-11-07,24,.476,W (+4)
1154,2018-11-10,25,.556,W (+15)
1155,2018-11-11,26,.500,W (+1)
1156,2018-11-14,44,.684,W (+9)
1157,2018-11-17,22,.421,L (-13)
1158,2018-11-18,51,.613,W (+16)
1159,2018-11-21,32,.550,W (+4)
1160,2018-11-23,22,.471,W (+7)
1161,2018-11-25,24,.571,L (-4)
1162,2018-11-27,14,.333,L (-32)
1163,2018-11-29,38,.556,W (+8)
1164,2018-11-30,28,.571,W (+11)
1165,2018-12-02,22,.529,W (+24)
1166,2018-12-05,42,.625,W (+8)
1167,2018-12-07,35,.464,L (-13)
1168,2018-12-08,20,.500,W (+23)
1169,2018-12-10,28,.526,W (+3)
1170,2018-12-13,29,.667,L (-15)
1171,2018-12-15,24,.467,W (+28)
1172,2018-12-16,13,.313,L (-18)
1173,2018-12-18,36,.565,L (-5)
1174,2018-12-21,22,.400,W (+8)
1175,2018-12-23,22,.571,L (-8)
1176,2018-12-25,17,.545,W (+26)
1177,2019-01-31,24,.409,L (-1)
1178,2019-02-05,18,.583,L (-11)
1179,2019-02-07,28,.524,W (+7)
1180,2019-02-10,18,.500,L (-7)
1181,2019-02-12,28,.400,L (-7)
1182,2019-02-21,29,.478,L (-22)
1183,2019-02-23,27,.647,W (+10)
1184,2019-02-25,24,.348,W (+13)
1185,2019-02-27,33,.542,L (-18)
